,hand velocity,hand acceleration,mass,size,friction,radius
0,0.67282,0.43767,0.76064,0.62964,0.06882,0.15411
1,0.68337,0.53705,0.62893,0.33984,0.07743,0.2329
