,hold vs. cw,hold vs. ccw,cw vs. ccw
0,1.0001601,1.0001601,0.9998994
