,hold vs. cw,hold vs. ccw,cw vs. ccw
0,1.0001601490625591,1.0001601490625591,0.9998994458221335
