,observations,hand velocity,hand acceleration,radius
0,0.7841765060026166,0.6363920803741651,0.4563813884025093,0.13420159561052497
