,hand velocity,hand acceleration,mass,size,friction,radius
0,0.6794,0.44527,0.76386,0.68576,0.0739,0.15362
1,0.68813,0.53839,0.63328,0.3609,0.08801,0.22337
